<?xml version="1.0" encoding="UTF-8"?>
<project-private xmlns="http://www.netbeans.org/ns/project-private/1">
    <editor-bookmarks xmlns="http://www.netbeans.org/ns/editor-bookmarks/2" lastBookmarkId="0"/>
    <open-files xmlns="http://www.netbeans.org/ns/projectui-open-files/2">
        <group>
            <file>file:/media/zeke/My%20Passport/laptop2020/tempoooo/java-web-last/Grocery_JSF/src/java/dbase/UserGateway.java</file>
            <file>file:/media/zeke/My%20Passport/laptop2020/tempoooo/java-web-last/Grocery_JSF/web/Login.xhtml</file>
            <file>file:/media/zeke/My%20Passport/laptop2020/tempoooo/java-web-last/Grocery_JSF/web/template/common/adminHeader.xhtml</file>
            <file>file:/media/zeke/My%20Passport/laptop2020/tempoooo/java-web-last/Grocery_JSF/src/java/bean/UserBean.java</file>
            <file>file:/media/zeke/My%20Passport/laptop2020/tempoooo/java-web-last/Grocery_JSF/web/admin/ViewAllProducts.xhtml</file>
            <file>file:/media/zeke/My%20Passport/laptop2020/tempoooo/java-web-last/Grocery_JSF/web/admin/Logout.xhtml</file>
            <file>file:/media/zeke/My%20Passport/laptop2020/tempoooo/java-web-last/Grocery_JSF/src/java/dto/AdminUserDTO.java</file>
            <file>file:/media/zeke/My%20Passport/laptop2020/tempoooo/java-web-last/Grocery_JSF/web/template/common/adminLayout.xhtml</file>
            <file>file:/media/zeke/My%20Passport/laptop2020/tempoooo/java-web-last/Grocery_JSF/web/SeeBasket.xhtml</file>
            <file>file:/media/zeke/My%20Passport/laptop2020/tempoooo/java-web-last/Grocery_JSF/web/admin/editProduct.xhtml</file>
            <file>file:/media/zeke/My%20Passport/laptop2020/tempoooo/java-web-last/Grocery_JSF/web/admin/edit_quantity_in_Store.xhtml</file>
            <file>file:/media/zeke/My%20Passport/laptop2020/tempoooo/java-web-last/Grocery_JSF/web/resources/css/icon.css</file>
            <file>file:/media/zeke/My%20Passport/laptop2020/tempoooo/java-web-last/Grocery_JSF/web/resources/css/common-style.css</file>
            <file>file:/media/zeke/My%20Passport/laptop2020/tempoooo/java-web-last/Grocery_JSF/web/template/common/commonLayout.xhtml</file>
            <file>file:/media/zeke/My%20Passport/laptop2020/tempoooo/java-web-last/Grocery_JSF/web/Register.xhtml</file>
            <file>file:/media/zeke/My%20Passport/laptop2020/tempoooo/java-web-last/Grocery_JSF/web/template/common/commonContent.xhtml</file>
            <file>file:/media/zeke/My%20Passport/laptop2020/tempoooo/java-web-last/Grocery_JSF/web/Buy.xhtml</file>
            <file>file:/media/zeke/My%20Passport/laptop2020/tempoooo/java-web-last/Grocery_JSF/src/java/bean/AdminUserBean.java</file>
            <file>file:/media/zeke/My%20Passport/laptop2020/tempoooo/java-web-last/Grocery_JSF/src/java/manager/UserManager.java</file>
            <file>file:/media/zeke/My%20Passport/laptop2020/tempoooo/java-web-last/Grocery_JSF/web/index.xhtml</file>
            <file>file:/media/zeke/My%20Passport/laptop2020/tempoooo/java-web-last/Grocery_JSF/web/template/common/userHeader.xhtml</file>
            <file>file:/media/zeke/My%20Passport/laptop2020/tempoooo/java-web-last/Grocery_JSF/web/admin/AddProduct.xhtml</file>
            <file>file:/media/zeke/My%20Passport/laptop2020/tempoooo/java-web-last/Grocery_JSF/src/java/filter/CheckLoggedInUser.java</file>
        </group>
    </open-files>
</project-private>
